{"data_time": 0.005264715999146574, "eta_seconds": 311.2252068799353, "fast_rcnn/cls_accuracy": 0.125, "fast_rcnn/false_negative": 0.0, "fast_rcnn/fg_cls_accuracy": 0.0, "iteration": 19, "loss_box_reg": 1.0067543983459473, "loss_cls": 1.5155242681503296, "loss_rpn_cls": 0.11628693714737892, "loss_rpn_loc": 0.021321960724890232, "lr": 1.60675e-05, "roi_head/num_bg_samples": 3.0, "roi_head/num_fg_samples": 1.0, "rpn/num_neg_anchors": 220.0, "rpn/num_pos_anchors": 36.0, "time": 1.1115185959997689, "total_loss": 2.632075755856931}
{"data_time": 0.005381388500609319, "eta_seconds": 301.9018925000091, "fast_rcnn/cls_accuracy": 0.6875, "fast_rcnn/false_negative": 0.5, "fast_rcnn/fg_cls_accuracy": 0.0, "iteration": 39, "loss_box_reg": 0.8536636233329773, "loss_cls": 1.1613765358924866, "loss_rpn_cls": 0.020251925103366375, "loss_rpn_loc": 0.017491737380623817, "lr": 3.2717500000000007e-05, "roi_head/num_bg_samples": 3.0, "roi_head/num_fg_samples": 1.0, "rpn/num_neg_anchors": 220.5, "rpn/num_pos_anchors": 35.5, "time": 1.220312780000313, "total_loss": 2.090797665528953}
{"data_time": 0.005444101999273698, "eta_seconds": 283.7818837200757, "fast_rcnn/cls_accuracy": 0.75, "fast_rcnn/false_negative": 1.0, "fast_rcnn/fg_cls_accuracy": 0.0, "iteration": 59, "loss_box_reg": 0.909532755613327, "loss_cls": 0.8629830181598663, "loss_rpn_cls": 0.0069577498361468315, "loss_rpn_loc": 0.014299262780696154, "lr": 4.93675e-05, "roi_head/num_bg_samples": 3.0, "roi_head/num_fg_samples": 1.0, "rpn/num_neg_anchors": 220.75, "rpn/num_pos_anchors": 35.25, "time": 1.216325536000113, "total_loss": 1.7636686409823596}
{"data_time": 0.005400433999966481, "eta_seconds": 268.1472982100422, "fast_rcnn/cls_accuracy": 0.75, "fast_rcnn/false_negative": 1.0, "fast_rcnn/fg_cls_accuracy": 0.0, "iteration": 79, "loss_box_reg": 0.8694784045219421, "loss_cls": 0.6807895302772522, "loss_rpn_cls": 0.007863810751587152, "loss_rpn_loc": 0.015427094418555498, "lr": 6.60175e-05, "roi_head/num_bg_samples": 3.0, "roi_head/num_fg_samples": 1.0, "rpn/num_neg_anchors": 219.0, "rpn/num_pos_anchors": 37.0, "time": 1.2590591655007302, "total_loss": 1.6146428431384265}
{"bbox/AP": 23.934527287997305, "bbox/AP-date": 24.013152821087626, "bbox/AP-fig": 25.73597359735974, "bbox/AP-hazelnut": 22.054455445544555, "bbox/AP50": 53.33145880677639, "bbox/AP75": 6.971871352592443, "bbox/APl": 33.361255667597625, "bbox/APm": 26.001787678767872, "bbox/APs": NaN, "data_time": 0.005840646999786259, "eta_seconds": 244.01688580001064, "fast_rcnn/cls_accuracy": 0.75, "fast_rcnn/false_negative": 1.0, "fast_rcnn/fg_cls_accuracy": 0.0, "iteration": 99, "loss_box_reg": 0.9307911396026611, "loss_cls": 0.5927451550960541, "loss_rpn_cls": 0.002996752504259348, "loss_rpn_loc": 0.013540337793529034, "lr": 8.266750000000001e-05, "roi_head/num_bg_samples": 3.0, "roi_head/num_fg_samples": 1.0, "rpn/num_neg_anchors": 223.75, "rpn/num_pos_anchors": 32.25, "time": 1.2501074759993571, "total_loss": 1.5961222379701212}
{"data_time": 0.0056907174994194065, "eta_seconds": 220.6995669902244, "fast_rcnn/cls_accuracy": 0.75, "fast_rcnn/false_negative": 1.0, "fast_rcnn/fg_cls_accuracy": 0.0, "iteration": 119, "loss_box_reg": 0.7611190676689148, "loss_cls": 0.5367511510848999, "loss_rpn_cls": 0.003156364895403385, "loss_rpn_loc": 0.013466091826558113, "lr": 9.93175e-05, "roi_head/num_bg_samples": 3.0, "roi_head/num_fg_samples": 1.0, "rpn/num_neg_anchors": 218.25, "rpn/num_pos_anchors": 37.75, "time": 1.2574787540006582, "total_loss": 1.3578538805013523}
{"data_time": 0.0056749595005385345, "eta_seconds": 198.91400303997216, "fast_rcnn/cls_accuracy": 0.75, "fast_rcnn/false_negative": 1.0, "fast_rcnn/fg_cls_accuracy": 0.0, "iteration": 139, "loss_box_reg": 0.7665129601955414, "loss_cls": 0.49938493967056274, "loss_rpn_cls": 0.0015334546915255487, "loss_rpn_loc": 0.01280055521056056, "lr": 0.0001159675, "roi_head/num_bg_samples": 3.0, "roi_head/num_fg_samples": 1.0, "rpn/num_neg_anchors": 222.0, "rpn/num_pos_anchors": 34.0, "time": 1.3574198574997354, "total_loss": 1.2432231015409343}
{"data_time": 0.005504970999027137, "eta_seconds": 175.01504663991, "fast_rcnn/cls_accuracy": 0.75, "fast_rcnn/false_negative": 1.0, "fast_rcnn/fg_cls_accuracy": 0.0, "iteration": 159, "loss_box_reg": 0.8549884855747223, "loss_cls": 0.4137493818998337, "loss_rpn_cls": 0.001100268797017634, "loss_rpn_loc": 0.013440807815641165, "lr": 0.0001326175, "roi_head/num_bg_samples": 3.0, "roi_head/num_fg_samples": 1.0, "rpn/num_neg_anchors": 221.25, "rpn/num_pos_anchors": 34.75, "time": 1.3592037910002546, "total_loss": 1.299057143041864}
{"data_time": 0.005502015499587287, "eta_seconds": 150.89411016004306, "fast_rcnn/cls_accuracy": 0.9375, "fast_rcnn/false_negative": 0.0, "fast_rcnn/fg_cls_accuracy": 1.0, "iteration": 179, "loss_box_reg": 0.8827109336853027, "loss_cls": 0.31538325548171997, "loss_rpn_cls": 0.0006402755971066654, "loss_rpn_loc": 0.014153528027236462, "lr": 0.0001492675, "roi_head/num_bg_samples": 3.0, "roi_head/num_fg_samples": 1.0, "rpn/num_neg_anchors": 219.5, "rpn/num_pos_anchors": 36.5, "time": 1.2882744509997792, "total_loss": 1.242473969952698}
{"bbox/AP": 59.00039825411113, "bbox/AP-date": 68.53659830268741, "bbox/AP-fig": 49.50495049504951, "bbox/AP-hazelnut": 58.95964596459646, "bbox/AP50": 90.78157815781577, "bbox/AP75": 63.76012601260126, "bbox/APl": 59.02077439886846, "bbox/APm": 60.25634532762739, "bbox/APs": NaN, "data_time": 0.004974156000571384, "eta_seconds": 125.74509180003588, "fast_rcnn/cls_accuracy": 1.0, "fast_rcnn/false_negative": 0.0, "fast_rcnn/fg_cls_accuracy": 1.0, "iteration": 199, "loss_box_reg": 0.7816871106624603, "loss_cls": 0.20848657935857773, "loss_rpn_cls": 0.0006684210675302893, "loss_rpn_loc": 0.016428706236183643, "lr": 0.0001659175, "roi_head/num_bg_samples": 3.0, "roi_head/num_fg_samples": 1.0, "rpn/num_neg_anchors": 217.5, "rpn/num_pos_anchors": 38.5, "time": 1.2604836169994087, "total_loss": 0.9710172110644635}
{"data_time": 0.005335363499398227, "eta_seconds": 100.5960734400287, "fast_rcnn/cls_accuracy": 1.0, "fast_rcnn/false_negative": 0.0, "fast_rcnn/fg_cls_accuracy": 1.0, "iteration": 219, "loss_box_reg": 0.639847606420517, "loss_cls": 0.12991589307785034, "loss_rpn_cls": 0.00013753279927186668, "loss_rpn_loc": 0.01573769934475422, "lr": 0.0001825675, "roi_head/num_bg_samples": 3.0, "roi_head/num_fg_samples": 1.0, "rpn/num_neg_anchors": 220.25, "rpn/num_pos_anchors": 35.75, "time": 1.2641248994996204, "total_loss": 0.7919984585169004}
{"data_time": 0.005190875499465619, "eta_seconds": 75.73719104999327, "fast_rcnn/cls_accuracy": 1.0, "fast_rcnn/false_negative": 0.0, "fast_rcnn/fg_cls_accuracy": 1.0, "iteration": 239, "loss_box_reg": 0.46893659234046936, "loss_cls": 0.15536247938871384, "loss_rpn_cls": 0.00015129395615076646, "loss_rpn_loc": 0.01528703747317195, "lr": 0.0001992175, "roi_head/num_bg_samples": 3.0, "roi_head/num_fg_samples": 1.0, "rpn/num_neg_anchors": 218.75, "rpn/num_pos_anchors": 37.25, "time": 1.3934526059993004, "total_loss": 0.6565866861783434}
{"data_time": 0.005346185499547573, "eta_seconds": 50.491460699995514, "fast_rcnn/cls_accuracy": 0.875, "fast_rcnn/false_negative": 0.0, "fast_rcnn/fg_cls_accuracy": 1.0, "iteration": 259, "loss_box_reg": 0.41340094804763794, "loss_cls": 0.11684535816311836, "loss_rpn_cls": 0.00018326558347325772, "loss_rpn_loc": 0.015675031580030918, "lr": 0.0002158675, "roi_head/num_bg_samples": 3.0, "roi_head/num_fg_samples": 1.0, "rpn/num_neg_anchors": 220.5, "rpn/num_pos_anchors": 35.5, "time": 1.2724334469994574, "total_loss": 0.6354321937155873}
{"data_time": 0.005764569499660865, "eta_seconds": 25.196182210002007, "fast_rcnn/cls_accuracy": 1.0, "fast_rcnn/false_negative": 0.0, "fast_rcnn/fg_cls_accuracy": 1.0, "iteration": 279, "loss_box_reg": 0.405234158039093, "loss_cls": 0.0982637032866478, "loss_rpn_cls": 0.00021375765936682, "loss_rpn_loc": 0.014082134701311588, "lr": 0.00023251750000000002, "roi_head/num_bg_samples": 3.0, "roi_head/num_fg_samples": 1.0,